Year,Best Picture (A),Domestic Gross (A),Highest Grossing Film (B),Domestic Gross (B), Difference In DG ,Average Diff Per Decade,Notes
1975,One Flew over the Cuckoo's Nest," $108,981,275.00 ",Jaws," $280,083,300.00 ",2.57,3.47,
1976,Rocky," $117,235,147.00 ",Rocky," $117,235,147.00 ",1.00,3.47,Highest Grossing won Best Picture
1977,Annie Hall," $38,251,425.00 ",Star Wars," $221,280,994.00 ",5.78,3.47,
1978,The Deer Hunter," $48,979,328.00 ",Grease," $159,978,870.00 ",3.27,3.47,
1979,Kramer vs. Kramer," $106,260,000.00 ",Kramer vs. Kramer," $106,260,000.00 ",1.00,3.47,Highest Grossing won Best Picture
1980,Ordinary People," $54,766,923.00 ",The Empire Strikes Back," $209,398,025.00 ",3.82,3.47,
1981,Chariots of Fire," $58,972,904.00 ",Raiders of the Lost Ark," $212,222,025.00 ",3.60,3.47,
1982,Gandhi," $52,767,889.00 ",E.T. the Extra-Terrestrial," $359,197,037.00 ",6.81,3.47,
1983,Terms of Endearment," $108,423,489.00 ",Return of the Jedi," $252,583,617.00 ",2.33,3.47,
1984,Amadeus," $51,973,029.00 ",Ghostbusters," $234,760,478.00 ",4.52,3.47,
1985,Out of Africa," $87,071,205.00 ",Back to the Future," $210,609,762.00 ",2.42,2.07,
1986,Platoon," $138,530,565.00 ",Top Gun," $176,781,728.00 ",1.28,2.07,
1987,The Last Emperor," $43,984,230.00 ",Three Men and a Baby," $167,780,960.00 ",3.81,2.07,
1988,Rain Man," $172,825,435.00 ",Rain Man," $172,825,435.00 ",1.00,2.07,Highest Grossing won Best Picture
1989,Driving Miss Daisy," $106,593,296.00 ",Batman," $251,188,924.00 ",2.36,2.07,
1990,Dances With Wolves," $184,208,848.00 ",Home Alone," $285,761,243.00 ",1.55,2.07,
1991,The Silence of the Lambs," $131,138,318.00 ",Terminator 2: Judgment Day," $204,843,345.00 ",1.56,2.07,
1992,Unforgiven," $101,157,447.00 ",Aladdin," $217,350,219.00 ",2.15,2.07,
1993,Schindler's List," $96,898,818.00 ",Jurassic Park," $357,067,947.00 ",3.68,2.07,
1994,Forrest Gump," $330,455,270.00 ",The Lion King," $295,691,076.00 ",0.89,2.07,Best Picture > Highest Grossing? Looked into this and Forrest Gump was re-released multiple times for anniversarries.
1995,Braveheart," $75,609,945.00 ",Toy Story," $191,796,233.00 ",2.54,2.391,
1996,The English Patient," $78,676,425.00 ",Independence Day," $306,169,268.00 ",3.89,2.391,
1997,Titanic," $600,788,188.00 ",Titanic," $600,788,188.00 ",1.00,2.391,Highest Grossing won Best Picture
1998,Shakespeare in Love," $100,317,794.00 ",Saving Private Ryan," $216,540,909.00 ",2.16,2.391,
1999,American Beauty," $130,096,601.00 ",Star Wars: Episode I ‚ The Phantom Menace," $431,088,295.00 ",3.31,2.391,
2000,Gladiator," $187,705,427.00 ",How the Grinch Stole Christmas," $260,044,825.00 ",1.39,2.391,
2001,A Beautiful Mind," $170,742,341.00 ",Harry Potter and the Philosopher's Stone," $317,575,550.00 ",1.86,2.391,
2002,Chicago," $170,687,518.00 ",Spider-Man," $403,706,375.00 ",2.37,2.391,
2003,The Lord of the Rings: The Return of the King," $377,027,325.00 ",The Lord of the Rings: The Return of the King," $377,027,325.00 ",1.00,2.391,Highest Grossing won Best Picture
2004,Million Dollar Baby," $100,492,203.00 ",Shrek 2," $441,226,247.00 ",4.39,2.391,
2005,Crash," $54,580,300.00 ",Star Wars: Episode III ‚ Revenge of the Sith," $380,270,577.00 ",6.97,9.446,
2006,The Departed," $132,384,315.00 ",Pirates of the Caribbean: Dead Man's Chest," $423,315,812.00 ",3.20,9.446,
2007,No Country for Old Men," $74,283,625.00 ",Spider-Man 3," $336,530,303.00 ",4.53,9.446,
2008,Slumdog Millionaire," $141,319,928.00 ",The Dark Knight," $533,345,358.00 ",3.77,9.446,
2009,The Hurt Locker," $17,017,811.00 ",Avatar," $749,766,139.00 ",44.06,9.446,
2010,The King's Speech," $135,453,143.00 ",Toy Story 3," $415,004,880.00 ",3.06,9.446,
2011,The Artist," $44,671,682.00 ",Harry Potter and the Deathly Hallows ‚ Part 2," $381,011,219.00 ",8.53,9.446,
2012,Argo," $136,025,503.00 ",The Avengers," $623,357,910.00 ",4.58,9.446,
2013,12 Years a Slave," $56,671,993.00 ",The Hunger Games: Catching Fire," $424,668,047.00 ",7.49,9.446,
2014,Birdman or (The Unexpected Virtue of Ignorance)," $42,340,598.00 ",American Sniper," $350,126,372.00 ",8.27,9.446,
2015,Spotlight," $45,055,776.00 ",Star Wars: Episode VII ‚ The Force Awakens," $936,662,225.00 ",20.79,17.854,
2016,Moonlight," $27,854,932.00 ",Rogue One: A Star Wars Story," $532,177,324.00 ",19.11,17.854,
2017,The Shape of Water," $63,859,435.00 ",Star Wars: Episode VIII ‚ The Last Jedi," $620,181,382.00 ",9.71,17.854,
2018,Green Book," $85,080,171.00 ",Black Panther," $700,059,566.00 ",8.23,17.854,
2019,Parasite," $53,847,897.00 ",Avengers: Endgame," $858,373,000.00 ",15.94,17.854,
2020,Nomadland," $3,700,000.00 ",Bad Boys For Life," $206,305,244.00 ",55.76,17.854,
2022,Everything Everywhere All at Once," $77,191,785.00 ",Top Gun: Maverick," $718,732,821.00 ",9.31,17.854,"2021 skipped, Best picture had no domestic release"
2023,Oppenheimer," $330,078,895.00 ",Barbie," $636,238,421.00 ",1.93,17.854,
2024,Anora," $20,474,295.00 ",Inside Out 2," $652,980,194.00 ",31.89,17.854,
2025,One Battle after Another," $72,918,884.00 ",Zootopia 2," $428,130,160.00 ",5.87,17.854,
,,,,,,,
,,,,,,,